자격구분코드,자격구분명,계열코드,계열명,종목코드,종목명
S,국가전문자격,5,공인노무사,9500,공인노무사
S,국가전문자격,9,경비지도사,9501,일반경비지도사
S,국가전문자격,9,경비지도사,9502,기계경비지도사
S,국가전문자격,7,가맹거래사,9503,가맹거래사
S,국가전문자격,37,관광통역안내사,9624,관광통역안내사(불어)
S,국가전문자격,37,관광통역안내사,9625,관광통역안내사(독어)
S,국가전문자격,37,관광통역안내사,9626,관광통역안내사(스페인어)
S,국가전문자격,37,관광통역안내사,9627,관광통역안내사(러시아어)
S,국가전문자격,37,관광통역안내사,9628,관광통역안내사(일본어)
S,국가전문자격,37,관광통역안내사,9629,관광통역안내사(중국어)
S,국가전문자격,8,공인중개사,9630,공인중개사
S,국가전문자격,37,관광통역안내사,9631,관광통역안내사(이탈리아어)
S,국가전문자격,37,관광통역안내사,9632,관광통역안내사(태국어)
S,국가전문자격,37,관광통역안내사,9633,관광통역안내사(베트남어)
S,국가전문자격,37,관광통역안내사,9634,관광통역안내사(말레이/인도네시아어)
S,국가전문자격,37,관광통역안내사,9635,관광통역안내사(아랍어)
S,국가전문자격,24,관세사,9640,관세사
S,국가전문자격,22,세무사,9641,세무사
S,국가전문자격,28,방사성동위원소취급자특수면허,9653,방사성동위원소취급자특수면허
S,국가전문자격,29,방사성동위원소취급자일반면허,9654,방사성동위원소취급자일반면허
S,국가전문자격,30,방사선취급감독자면허,9655,방사선취급감독자면허
S,국가전문자격,33,소방안전교육사,9657,소방안전교육사
S,국가전문자격,34,소방시설관리사,9658,소방시설관리사
S,국가전문자격,35,박물관 및 미술관 준학예사,9659,박물관및미술관준학예사
S,국가전문자격,36,한국어교육능력검정시험,9660,한국어교육능력검정시험
S,국가전문자격,37,관광통역안내사,9661,관광통역안내사(영어)
S,국가전문자격,39,호텔경영사,9662,호텔경영사
S,국가전문자격,38,호텔관리사,9663,호텔관리사
S,국가전문자격,40,국내여행안내사,9664,국내여행안내사
S,국가전문자격,41,호텔서비스사,9665,호텔서비스사
S,국가전문자격,42,문화재수리기술자,9666,문화재수리기술자(보수)
S,국가전문자격,42,문화재수리기술자,9667,문화재수리기술자(단청)
S,국가전문자격,42,문화재수리기술자,9668,문화재수리기술자(실측설계)
S,국가전문자격,42,문화재수리기술자,9669,문화재수리기술자(조경)
S,국가전문자격,42,문화재수리기술자,9670,문화재수리기술자(보존과학)
S,국가전문자격,42,문화재수리기술자,9671,문화재수리기술자(식물보호)
S,국가전문자격,43,문화재수리기능자(24종목),9672,문화재수리기능자(대목수)
S,국가전문자격,43,문화재수리기능자(24종목),9673,문화재수리기능자(소목수)
S,국가전문자격,43,문화재수리기능자(24종목),9674,문화재수리기능자(가공석공)
S,국가전문자격,43,문화재수리기능자(24종목),9675,문화재수리기능자(쌓기석공)
S,국가전문자격,43,문화재수리기능자(24종목),9676,문화재수리기능자(화공)
S,국가전문자격,43,문화재수리기능자(24종목),9677,문화재수리기능자(드잡이공)
S,국가전문자격,43,문화재수리기능자(24종목),9678,문화재수리기능자(번와와공)
S,국가전문자격,43,문화재수리기능자(24종목),9679,문화재수리기능자(제작와공)
S,국가전문자격,43,문화재수리기능자(24종목),9680,문화재수리기능자(한식미장공)
S,국가전문자격,43,문화재수리기능자(24종목),9681,문화재수리기능자(철물공)
S,국가전문자격,43,문화재수리기능자(24종목),9682,문화재수리기능자(목조각공)
S,국가전문자격,43,문화재수리기능자(24종목),9683,문화재수리기능자(석조각공)
S,국가전문자격,43,문화재수리기능자(24종목),9684,문화재수리기능자(칠공)
S,국가전문자격,43,문화재수리기능자(24종목),9685,문화재수리기능자(도금공)
S,국가전문자격,43,문화재수리기능자(24종목),9686,문화재수리기능자(표구공)
S,국가전문자격,43,문화재수리기능자(24종목),9687,문화재수리기능자(조경공)
S,국가전문자격,43,문화재수리기능자(24종목),9688,문화재수리기능자(세척공)
S,국가전문자격,43,문화재수리기능자(24종목),9689,문화재수리기능자(훈증공)
S,국가전문자격,43,문화재수리기능자(24종목),9690,문화재수리기능자(보존처리공)
S,국가전문자격,43,문화재수리기능자(24종목),9691,문화재수리기능자(식물보호공)
S,국가전문자격,43,문화재수리기능자(24종목),9692,문화재수리기능자(실측설계사보)
S,국가전문자격,43,문화재수리기능자(24종목),9693,문화재수리기능자(박제및표본제작공)
S,국가전문자격,43,문화재수리기능자(24종목),9694,문화재수리기능자(온돌공)
S,국가전문자격,45,농산물품질관리사,9695,농산물품질관리사
S,국가전문자격,46,경매사,9696,경매사(청과)
S,국가전문자격,46,경매사,9697,경매사(수산)
S,국가전문자격,46,경매사,9698,경매사(축산)
S,국가전문자격,46,경매사,9699,경매사(화훼)
S,국가전문자격,46,경매사,9700,경매사(약용)
S,국가전문자격,49,경영지도사,9701,경영지도사(인적자원관리)
S,국가전문자격,49,경영지도사,9702,경영지도사(재무관리)
S,국가전문자격,49,경영지도사,9703,경영지도사(생산관리)
S,국가전문자격,49,경영지도사,9704,경영지도사(마케팅)
S,국가전문자격,49,경영지도사,9705,경영지도사(1차공통)
S,국가전문자격,43,문화재수리기능자(24종목),9706,문화재수리기능자(모사공)
S,국가전문자격,56,산업안전지도사,9711,산업안전지도사(기계안전)
S,국가전문자격,56,산업안전지도사,9712,산업안전지도사(전기안전)
S,국가전문자격,56,산업안전지도사,9713,산업안전지도사(화공안전)
S,국가전문자격,56,산업안전지도사,9714,산업안전지도사(건설안전)
S,국가전문자격,57,산업보건지도사,9715,산업보건지도사(직업환경의학)
S,국가전문자격,57,산업보건지도사,9716,산업보건지도사(산업위생공학)
S,국가전문자격,31,행정사,9721,일반행정사
S,국가전문자격,31,행정사,9722,외국어번역행정사
S,국가전문자격,31,행정사,9723,기술행정사
S,국가전문자격,46,경매사,9728,경매사(양곡)
S,국가전문자격,50,기술지도사,9729,기술지도사(1차공통)
S,국가전문자격,50,기술지도사,9730,기술지도사(기계)
S,국가전문자격,50,기술지도사,9731,기술지도사(금속)
S,국가전문자격,50,기술지도사,9732,기술지도사(전기전자)
S,국가전문자격,50,기술지도사,9733,기술지도사(섬유)
S,국가전문자격,50,기술지도사,9734,기술지도사(화공)
S,국가전문자격,50,기술지도사,9735,기술지도사(생산관리)
S,국가전문자격,50,기술지도사,9736,기술지도사(정보처리)
S,국가전문자격,51,변리사,9737,변리사
S,국가전문자격,52,사회복지사 1급,9738,사회복지사 1급
S,국가전문자격,54,정수시설운영관리사,9739,정수시설운영관리사1급
S,국가전문자격,54,정수시설운영관리사,9740,정수시설운영관리사2급
S,국가전문자격,54,정수시설운영관리사,9741,정수시설운영관리사3급
S,국가전문자격,59,주택관리사보,9744,주택관리사보
S,국가전문자격,60,감정평가사,9745,감정평가사
S,국가전문자격,61,물류관리사,9746,물류관리사
S,국가전문자격,62,검수사,9747,검수사
S,국가전문자격,63,검량사,9748,검량사
S,국가전문자격,64,감정사,9749,감정사
S,국가전문자격,66,청소년지도사,9750,1급 청소년지도사
S,국가전문자격,66,청소년지도사,9751,2급 청소년지도사
S,국가전문자격,66,청소년지도사,9752,3급 청소년지도사
S,국가전문자격,67,청소년상담사,9753,1급 청소년상담사
S,국가전문자격,67,청소년상담사,9754,2급 청소년상담사
S,국가전문자격,67,청소년상담사,9755,3급 청소년상담사
S,국가전문자격,50,기술지도사,9756,기술지도사(환경)
S,국가전문자격,50,기술지도사,9757,기술지도사(생명공학)
S,국가전문자격,72,수산물품질관리사,9762,수산물품질관리사
S,국가전문자격,73,손해평가사,9763,손해평가사
S,국가전문자격,18,고용노동부 보건직7급 필기시험,9800,고용노동부 보건직(7급)
T,국가기술자격,1,기술사,11,용접기술사
T,국가기술자격,1,기술사,12,금형기술사
T,국가기술자격,1,기술사,50,차량기술사
T,국가기술자격,1,기술사,60,산업기계설비기술사
T,국가기술자격,1,기술사,71,공조냉동기계기술사
T,국가기술자격,1,기술사,80,건설기계기술사
T,국가기술자격,1,기술사,94,금속제련기술사
T,국가기술자격,1,기술사,110,금속재료기술사
T,국가기술자격,1,기술사,120,표면처리기술사
T,국가기술자격,1,기술사,130,금속가공기술사
T,국가기술자격,1,기술사,210,화공기술사
T,국가기술자격,1,기술사,230,발송배전기술사
T,국가기술자격,1,기술사,250,전기응용기술사
T,국가기술자격,1,기술사,261,철도신호기술사
T,국가기술자격,1,기술사,270,산업계측제어기술사
T,국가기술자격,1,기술사,301,전자응용기술사
T,국가기술자격,1,기술사,320,조선기술사
T,국가기술자격,1,기술사,360,항공기체기술사
T,국가기술자격,1,기술사,370,항공기관기술사
T,국가기술자격,1,기술사,390,토질및기초기술사
T,국가기술자격,1,기술사,400,토목구조기술사
T,국가기술자격,1,기술사,410,항만및해안기술사
T,국가기술자격,1,기술사,420,도로및공항기술사
T,국가기술자격,1,기술사,430,철도기술사
T,국가기술자격,1,기술사,431,철도차량기술사
T,국가기술자격,1,기술사,432,전기철도기술사
T,국가기술자격,1,기술사,451,수자원개발기술사
T,국가기술자격,1,기술사,460,상하수도기술사
T,국가기술자격,1,기술사,470,농어업토목기술사
T,국가기술자격,1,기술사,480,토목시공기술사
T,국가기술자격,1,기술사,481,토목품질시험기술사
T,국가기술자격,1,기술사,490,건축구조기술사
T,국가기술자격,1,기술사,501,건축기계설비기술사
T,국가기술자격,1,기술사,502,건축전기설비기술사
T,국가기술자격,1,기술사,510,건축시공기술사
T,국가기술자격,1,기술사,511,건축품질시험기술사
T,국가기술자격,1,기술사,551,섬유기술사
T,국가기술자격,1,기술사,561,의류기술사
T,국가기술자격,1,기술사,570,자원관리기술사
T,국가기술자격,1,기술사,575,광해방지기술사
T,국가기술자격,1,기술사,591,화약류관리기술사
T,국가기술자격,1,기술사,601,정보관리기술사
T,국가기술자격,1,기술사,622,컴퓨터시스템응용기술사
T,국가기술자격,1,기술사,650,도시계획기술사
T,국가기술자격,1,기술사,670,조경기술사
T,국가기술자격,1,기술사,680,측량및지형공간정보기술사
T,국가기술자격,1,기술사,690,지적기술사
T,국가기술자격,1,기술사,700,해양기술사
T,국가기술자격,1,기술사,701,수산양식기술사
T,국가기술자격,1,기술사,702,어로기술사
T,국가기술자격,1,기술사,710,기계안전기술사
T,국가기술자격,1,기술사,720,화공안전기술사
T,국가기술자격,1,기술사,730,전기안전기술사
T,국가기술자격,1,기술사,740,건설안전기술사
T,국가기술자격,1,기술사,750,소방기술사
T,국가기술자격,1,기술사,751,산업위생관리기술사
T,국가기술자격,1,기술사,752,가스기술사
T,국가기술자격,1,기술사,760,공장관리기술사
T,국가기술자격,1,기술사,770,품질관리기술사
T,국가기술자격,1,기술사,780,포장기술사
T,국가기술자격,1,기술사,790,세라믹기술사
T,국가기술자격,1,기술사,800,식품기술사
T,국가기술자격,1,기술사,801,산림기술사
T,국가기술자격,1,기술사,802,비파괴검사기술사
T,국가기술자격,1,기술사,810,수산제조기술사
T,국가기술자격,1,기술사,825,지질및지반기술사
T,국가기술자격,1,기술사,840,종자기술사
T,국가기술자격,1,기술사,841,시설원예기술사
T,국가기술자격,1,기술사,851,축산기술사
T,국가기술자격,1,기술사,872,기계기술사
T,국가기술자격,1,기술사,875,인간공학기술사
T,국가기술자격,1,기술사,891,기상예보기술사
T,국가기술자격,1,기술사,920,대기관리기술사
T,국가기술자격,1,기술사,930,수질관리기술사
T,국가기술자격,1,기술사,938,자연환경관리기술사
T,국가기술자격,1,기술사,940,소음진동기술사
T,국가기술자격,1,기술사,948,토양환경기술사
T,국가기술자격,1,기술사,950,농화학기술사
T,국가기술자격,1,기술사,951,교통기술사
T,국가기술자격,1,기술사,960,제품디자인기술사
T,국가기술자격,1,기술사,970,폐기물처리기술사
T,국가기술자격,3,기사,1021,일반기계기사
T,국가기술자격,3,기사,1022,용접기사
T,국가기술자격,3,기사,1023,농업기계기사
T,국가기술자격,3,기사,1024,사출금형설계기사
T,국가기술자격,3,기사,1025,프레스금형설계기사
T,국가기술자격,3,기사,1027,그린전동자동차기사
T,국가기술자격,3,기사,1028,온실가스관리기사
T,국가기술자격,3,기사,1029,환경위해관리기사
T,국가기술자격,3,기사,1030,철도차량기사
T,국가기술자격,3,기사,1040,건설기계설비기사
T,국가기술자격,3,기사,1048,콘크리트기사
T,국가기술자격,3,기사,1050,건설기계정비기사
T,국가기술자격,3,기사,1051,궤도장비정비기사
T,국가기술자격,3,기사,1060,메카트로닉스기사
T,국가기술자격,3,기사,1070,자동차정비기사
T,국가기술자격,3,기사,1080,기계설계기사
T,국가기술자격,3,기사,1104,금속재료기사
T,국가기술자격,3,기사,1110,화공기사
T,국가기술자격,3,기사,1114,신재생에너지발전설비기사(태양광)
T,국가기술자격,3,기사,1121,임베디드기사
T,국가기술자격,3,기사,1130,화약류제조기사
T,국가기술자격,3,기사,1140,화약류관리기사
T,국가기술자격,3,기사,1150,전기기사
T,국가기술자격,3,기사,1160,전기공사기사
T,국가기술자격,3,기사,1170,전자기사
T,국가기술자격,3,기사,1175,반도체설계기사
T,국가기술자격,3,기사,1176,의공기사
T,국가기술자격,3,기사,1177,로봇기구개발기사
T,국가기술자격,3,기사,1178,로봇소프트웨어개발기사
T,국가기술자격,3,기사,1179,로봇하드웨어개발기사
T,국가기술자격,3,기사,1195,전파전자통신기사
T,국가기술자격,3,기사,1220,조선기사
T,국가기술자격,3,기사,1240,항공기사
T,국가기술자격,3,기사,1250,토목기사
T,국가기술자격,3,기사,1282,실내건축기사
T,국가기술자격,3,기사,1297,섬유기사
T,국가기술자격,3,기사,1301,의류기사
T,국가기술자격,3,기사,1320,정보처리기사
T,국가기술자격,3,기사,1321,전자계산기기사
T,국가기술자격,3,기사,1322,전자계산기조직응용기사
T,국가기술자격,3,기사,1325,정보보안기사
T,국가기술자격,3,기사,1340,에너지관리기사
T,국가기술자격,3,기사,1350,도시계획기사
T,국가기술자격,3,기사,1351,항로표지기사
T,국가기술자격,3,기사,1370,조경기사
T,국가기술자격,3,기사,1380,측량및지형공간정보기사
T,국가기술자격,3,기사,1390,지적기사
T,국가기술자격,3,기사,1391,인쇄기사
T,국가기술자격,3,기사,1401,해양환경기사
T,국가기술자격,3,기사,1402,해양자원개발기사
T,국가기술자격,3,기사,1403,해양공학기사
T,국가기술자격,3,기사,1431,산업안전기사
T,국가기술자격,3,기사,1440,건설안전기사
T,국가기술자격,3,기사,1441,화재감식평가기사
T,국가기술자격,3,기사,1442,농작업안전보건기사
T,국가기술자격,3,기사,1443,방재기사
T,국가기술자격,3,기사,1450,광산보안기사
T,국가기술자격,3,기사,1471,가스기사
T,국가기술자격,3,기사,1472,산업위생관리기사
T,국가기술자격,3,기사,1500,품질경영기사
T,국가기술자격,3,기사,1511,포장기사
T,국가기술자격,3,기사,1512,제품디자인기사
T,국가기술자격,3,기사,1513,광학기사
T,국가기술자격,3,기사,1530,식품기사
T,국가기술자격,3,기사,1540,수산제조기사
T,국가기술자격,3,기사,1541,식육가공기사
T,국가기술자격,3,기사,1550,응용지질기사
T,국가기술자격,3,기사,1555,승강기기사
T,국가기술자격,3,기사,1560,종자기사
T,국가기술자격,3,기사,1562,식물보호기사
T,국가기술자격,3,기사,1563,화학분석기사
T,국가기술자격,3,기사,1564,산림기사
T,국가기술자격,3,기사,1570,임업종묘기사
T,국가기술자격,3,기사,1575,광해방지기사
T,국가기술자격,3,기사,1576,화훼장식기사
T,국가기술자격,3,기사,1581,축산기사
T,국가기술자격,3,기사,1590,임산가공기사
T,국가기술자격,3,기사,1592,유기농업기사
T,국가기술자격,3,기사,1600,기상기사
T,국가기술자격,3,기사,1601,기상감정기사
T,국가기술자격,3,기사,1611,방사선비파괴검사기사
T,국가기술자격,3,기사,1612,초음파비파괴검사기사
T,국가기술자격,3,기사,1613,자기비파괴검사기사
T,국가기술자격,3,기사,1614,침투비파괴검사기사
T,국가기술자격,3,기사,1615,와전류비파괴검사기사
T,국가기술자격,3,기사,1617,누설비파괴검사기사
T,국가기술자격,3,기사,1625,수산양식기사
T,국가기술자격,3,기사,1630,건축기사
T,국가기술자격,3,기사,1632,건축설비기사
T,국가기술자격,3,기사,1633,어업생산관리기사
T,국가기술자격,3,기사,1641,버섯산업기사
T,국가기술자격,3,기사,1661,대기환경기사
T,국가기술자격,3,기사,1662,수질환경기사
T,국가기술자격,3,기사,1663,소음진동기사
T,국가기술자격,3,기사,1730,공조냉동기계기사
T,국가기술자격,3,기사,1740,철도신호기사
T,국가기술자격,3,기사,1741,전기철도기사
T,국가기술자격,3,기사,1750,건설재료시험기사
T,국가기술자격,3,기사,1751,교통기사
T,국가기술자격,3,기사,1760,철도토목기사
T,국가기술자격,3,기사,1780,시설원예기사
T,국가기술자격,3,기사,1790,시각디자인기사
T,국가기술자격,3,기사,1800,바이오화학제품제조기사
T,국가기술자격,3,기사,1837,설비보전기사
T,국가기술자격,3,기사,1875,인간공학기사
T,국가기술자격,3,기사,1900,소방설비기사(기계분야)
T,국가기술자격,3,기사,1910,소방설비기사(전기분야)
T,국가기술자격,3,기사,1938,자연생태복원기사
T,국가기술자격,3,기사,1948,토양환경기사
T,국가기술자격,3,기사,1950,폐기물처리기사
T,국가기술자격,3,기사,1982,컬러리스트기사
T,국가기술자격,3,기사,1988,생물분류기사(식물)
T,국가기술자격,3,기사,1989,생물분류기사(동물)
T,국가기술자격,3,기사,2011,기계조립산업기사
T,국가기술자격,3,기사,2012,판금제관산업기사
T,국가기술자격,3,기사,2025,컴퓨터응용가공산업기사
T,국가기술자격,3,기사,2026,용접산업기사
T,국가기술자격,3,기사,2027,농업기계산업기사
T,국가기술자격,3,기사,2028,사출금형산업기사
T,국가기술자격,3,기사,2029,프레스금형산업기사
T,국가기술자격,3,기사,2030,철도차량산업기사
T,국가기술자격,3,기사,2031,기계설계산업기사
T,국가기술자격,3,기사,2034,생산자동화산업기사
T,국가기술자격,3,기사,2035,기계정비산업기사
T,국가기술자격,3,기사,2036,전기철도산업기사
T,국가기술자격,3,기사,2037,온실가스관리산업기사
T,국가기술자격,3,기사,2040,건설기계설비산업기사
T,국가기술자격,3,기사,2041,배관산업기사
T,국가기술자격,3,기사,2045,철도운송산업기사
T,국가기술자격,3,기사,2047,영사산업기사
T,국가기술자격,3,기사,2048,콘크리트산업기사
T,국가기술자격,3,기사,2050,건설기계정비산업기사
T,국가기술자격,3,기사,2051,궤도장비정비산업기사
T,국가기술자격,3,기사,2070,자동차정비산업기사
T,국가기술자격,3,기사,2085,패션머천다이징산업기사
T,국가기술자격,3,기사,2090,치공구설계산업기사
T,국가기술자격,3,기사,2101,금속재료산업기사
T,국가기술자격,3,기사,2104,정밀측정산업기사
T,국가기술자격,3,기사,2105,주조산업기사
T,국가기술자격,3,기사,2106,표면처리산업기사
T,국가기술자격,3,기사,2107,재료조직평가산업기사
T,국가기술자격,3,기사,2108,광학기기산업기사
T,국가기술자격,3,기사,2114,신재생에너지발전설비산업기사(태양광)
T,국가기술자격,3,기사,2120,화약류제조산업기사
T,국가기술자격,3,기사,2121,위험물산업기사
T,국가기술자격,3,기사,2130,화약류관리산업기사
T,국가기술자격,3,기사,2135,광산보안산업기사
T,국가기술자격,3,기사,2140,전기산업기사
T,국가기술자격,3,기사,2142,가구제작산업기사
T,국가기술자격,3,기사,2150,전기공사산업기사
T,국가기술자격,3,기사,2160,철도신호산업기사
T,국가기술자격,3,기사,2170,전자산업기사
T,국가기술자격,3,기사,2175,반도체설계산업기사
T,국가기술자격,3,기사,2176,의공산업기사
T,국가기술자격,3,기사,2177,3D프린터개발산업기사
T,국가기술자격,3,기사,2193,사무자동화산업기사
T,국가기술자격,3,기사,2195,전파전자통신산업기사
T,국가기술자격,3,기사,2220,조선산업기사
T,국가기술자격,3,기사,2230,항공산업기사
T,국가기술자격,3,기사,2240,토목산업기사
T,국가기술자격,3,기사,2251,건축일반시공산업기사
T,국가기술자격,3,기사,2253,건축목공산업기사
T,국가기술자격,3,기사,2264,섬유디자인산업기사
T,국가기술자격,3,기사,2268,한복산업기사
T,국가기술자격,3,기사,2277,섬유산업기사
T,국가기술자격,3,기사,2282,실내건축산업기사
T,국가기술자격,3,기사,2290,정보처리산업기사
T,국가기술자격,3,기사,2301,패션디자인산업기사
T,국가기술자격,3,기사,2302,신발산업기사
T,국가기술자격,3,기사,2320,조경산업기사
T,국가기술자격,3,기사,2324,전자계산기제어산업기사
T,국가기술자격,3,기사,2325,정보보안산업기사
T,국가기술자격,3,기사,2330,측량및지형공간정보산업기사
T,국가기술자격,3,기사,2340,지적산업기사
T,국가기술자격,3,기사,2350,해양조사산업기사
T,국가기술자격,3,기사,2351,항로표지산업기사
T,국가기술자격,3,기사,2381,산업안전산업기사
T,국가기술자격,3,기사,2390,건설안전산업기사
T,국가기술자격,3,기사,2391,인쇄산업기사
T,국가기술자격,3,기사,2395,승강기산업기사
T,국가기술자격,3,기사,2420,품질경영산업기사
T,국가기술자격,3,기사,2431,포장산업기사
T,국가기술자격,3,기사,2432,제품디자인산업기사
T,국가기술자격,3,기사,2434,시각디자인산업기사
T,국가기술자격,3,기사,2441,화재감식평가산업기사
T,국가기술자격,3,기사,2450,식품산업기사
T,국가기술자격,3,기사,2470,종자산업기사
T,국가기술자격,3,기사,2471,가스산업기사
T,국가기술자격,3,기사,2472,산업위생관리산업기사
T,국가기술자격,3,기사,2481,산림산업기사
T,국가기술자격,3,기사,2491,축산산업기사
T,국가기술자격,3,기사,2500,임산가공산업기사
T,국가기술자격,3,기사,2520,수산양식산업기사
T,국가기술자격,3,기사,2521,잠수산업기사
T,국가기술자격,3,기사,2530,건축산업기사
T,국가기술자격,3,기사,2531,건축설비산업기사
T,국가기술자격,3,기사,2551,피아노조율산업기사
T,국가기술자격,3,기사,2562,식물보호산업기사
T,국가기술자격,3,기사,2570,바이오화학제품제조산업기사
T,국가기술자격,3,기사,2571,대기환경산업기사
T,국가기술자격,3,기사,2572,수질환경산업기사
T,국가기술자격,3,기사,2573,소음진동산업기사
T,국가기술자격,3,기사,2582,농림토양평가관리산업기사
T,국가기술자격,3,기사,2590,공조냉동기계산업기사
T,국가기술자격,3,기사,2592,유기농업산업기사
T,국가기술자격,3,기사,2600,건설재료시험산업기사
T,국가기술자격,3,기사,2610,철도토목산업기사
T,국가기술자격,3,기사,2611,방사선비파괴검사산업기사
T,국가기술자격,3,기사,2612,초음파비파괴검사산업기사
T,국가기술자격,3,기사,2613,자기비파괴검사산업기사
T,국가기술자격,3,기사,2614,침투비파괴검사산업기사
T,국가기술자격,3,기사,2625,화훼장식산업기사
T,국가기술자격,3,기사,2630,방수산업기사
T,국가기술자격,3,기사,2631,어로산업기사
T,국가기술자격,3,기사,2751,교통산업기사
T,국가기술자격,3,기사,2760,귀금속가공산업기사
T,국가기술자격,3,기사,2835,전자부품장착산업기사
T,국가기술자격,3,기사,2880,보석디자인산업기사
T,국가기술자격,3,기사,2900,소방설비산업기사(기계분야)
T,국가기술자격,3,기사,2910,소방설비산업기사(전기분야)
T,국가기술자격,3,기사,2938,자연생태복원산업기사
T,국가기술자격,3,기사,2950,폐기물처리산업기사
T,국가기술자격,3,기사,2960,에너지관리산업기사
T,국가기술자격,3,기사,2971,한식조리산업기사
T,국가기술자격,3,기사,2972,양식조리산업기사
T,국가기술자격,3,기사,2973,일식조리산업기사
T,국가기술자격,3,기사,2974,중식조리산업기사
T,국가기술자격,3,기사,2975,복어조리산업기사
T,국가기술자격,3,기사,2980,보석감정산업기사
T,국가기술자격,3,기사,2982,컬러리스트산업기사
T,국가기술자격,2,기능장,3021,기계가공기능장
T,국가기술자격,2,기능장,3061,금형제작기능장
T,국가기술자격,2,기능장,3081,배관기능장
T,국가기술자격,2,기능장,3095,판금제관기능장
T,국가기술자격,2,기능장,3100,용접기능장
T,국가기술자격,2,기능장,3110,자동차정비기능장
T,국가기술자격,2,기능장,3120,건설기계정비기능장
T,국가기술자격,2,기능장,3150,철도차량정비기능장
T,국가기술자격,2,기능장,3170,에너지관리기능장
T,국가기술자격,2,기능장,3200,주조기능장
T,국가기술자격,2,기능장,3210,표면처리기능장
T,국가기술자격,2,기능장,3221,금속재료기능장
T,국가기술자격,2,기능장,3230,제선기능장
T,국가기술자격,2,기능장,3240,제강기능장
T,국가기술자격,2,기능장,3270,압연기능장
T,국가기술자격,2,기능장,3360,위험물기능장
T,국가기술자격,2,기능장,3375,가스기능장
T,국가기술자격,2,기능장,3380,전기기능장
T,국가기술자격,2,기능장,3410,전자기기기능장
T,국가기술자격,2,기능장,3611,건축목재시공기능장
T,국가기술자격,2,기능장,3621,건축일반시공기능장
T,국가기술자격,2,기능장,3770,귀금속가공기능장
T,국가기술자격,2,기능장,3911,잠수기능장
T,국가기술자격,2,기능장,3922,조리기능장
T,국가기술자격,2,기능장,3923,제과기능장
T,국가기술자격,2,기능장,3924,미용장
T,국가기술자격,2,기능장,3925,이용장
T,국가기술자격,4,기능사,6012,컴퓨터응용선반기능사
T,국가기술자격,4,기능사,6032,컴퓨터응용밀링기능사
T,국가기술자격,4,기능사,6033,반도체장비유지보수기능사
T,국가기술자격,4,기능사,6040,연삭기능사
T,국가기술자격,4,기능사,6042,기계가공조립기능사
T,국가기술자격,4,기능사,6051,궤도장비정비기능사
T,국가기술자격,4,기능사,6105,금형기능사
T,국가기술자격,4,기능사,6120,정밀측정기능사
T,국가기술자격,4,기능사,6151,전산응용기계제도기능사
T,국가기술자격,4,기능사,6175,판금제관기능사
T,국가기술자격,4,기능사,6176,의료전자기능사
T,국가기술자격,4,기능사,6213,배관기능사
T,국가기술자격,4,기능사,6222,특수용접기능사
T,국가기술자격,4,기능사,6223,용접기능사
T,국가기술자격,4,기능사,6251,공유압기능사
T,국가기술자격,4,기능사,6281,자동차정비기능사
T,국가기술자격,4,기능사,6285,자동차차체수리기능사
T,국가기술자격,4,기능사,6291,항공기체정비기능사
T,국가기술자격,4,기능사,6292,항공기관정비기능사
T,국가기술자격,4,기능사,6293,항공장비정비기능사
T,국가기술자격,4,기능사,6294,항공전자정비기능사
T,국가기술자격,4,기능사,6298,건설기계정비기능사
T,국가기술자격,4,기능사,6300,농기계정비기능사
T,국가기술자격,4,기능사,6301,농기계운전기능사
T,국가기술자격,4,기능사,6320,공조냉동기계기능사
T,국가기술자격,4,기능사,6335,가스기능사
T,국가기술자격,4,기능사,6351,항로표지기능사
T,국가기술자격,4,기능사,6352,철도차량정비기능사
T,국가기술자격,4,기능사,6381,축로기능사
T,국가기술자격,4,기능사,6415,생산자동화기능사
T,국가기술자격,4,기능사,6420,열처리기능사
T,국가기술자격,4,기능사,6461,주조기능사
T,국가기술자격,4,기능사,6480,표면처리기능사
T,국가기술자격,4,기능사,6490,금속재료시험기능사
T,국가기술자격,4,기능사,6500,제선기능사
T,국가기술자격,4,기능사,6515,제강기능사
T,국가기술자격,4,기능사,6530,원형기능사
T,국가기술자격,4,기능사,6543,압연기능사
T,국가기술자격,4,기능사,6560,화학분석기능사
T,국가기술자격,4,기능사,6592,유기농업기능사
T,국가기술자격,4,기능사,6697,위험물기능사
T,국가기술자격,4,기능사,6772,철도전기신호기능사
T,국가기술자격,4,기능사,6785,전자캐드기능사
T,국가기술자격,4,기능사,6790,전자기기기능사
T,국가기술자격,4,기능사,6791,전자출판기능사
T,국가기술자격,4,기능사,6792,석공예기능사
T,국가기술자격,4,기능사,6793,제품응용모델링기능사
T,국가기술자격,4,기능사,6801,전자계산기기능사
T,국가기술자격,4,기능사,6835,전자부품장착기능사
T,국가기술자격,4,기능사,6836,자동차보수도장기능사
T,국가기술자격,4,기능사,6837,설비보전기능사
T,국가기술자격,4,기능사,6892,정보기기운용기능사
T,국가기술자격,4,기능사,6893,전파전자통신기능사
T,국가기술자격,4,기능사,6910,전산응용조선제도기능사
T,국가기술자격,4,기능사,6920,선체건조기능사
T,국가기술자격,4,기능사,6921,정보처리기능사
T,국가기술자격,4,기능사,6960,동력기계정비기능사
T,국가기술자격,4,기능사,6980,측량기능사
T,국가기술자격,4,기능사,6990,석공기능사
T,국가기술자격,4,기능사,7010,철도토목기능사
T,국가기술자격,4,기능사,7020,콘크리트기능사
T,국가기술자격,4,기능사,7030,방수기능사
T,국가기술자격,4,기능사,7061,전산응용건축제도기능사
T,국가기술자격,4,기능사,7070,조적기능사
T,국가기술자격,4,기능사,7072,전산응용토목제도기능사
T,국가기술자격,4,기능사,7080,철근기능사
T,국가기술자격,4,기능사,7102,금속재창호기능사
T,국가기술자격,4,기능사,7103,플라스틱창호기능사
T,국가기술자격,4,기능사,7110,미장기능사
T,국가기술자격,4,기능사,7114,신재생에너지발전설비기능사(태양광)
T,국가기술자격,4,기능사,7120,비계기능사
T,국가기술자격,4,기능사,7121,기계정비기능사
T,국가기술자격,4,기능사,7130,건축목공기능사
T,국가기술자격,4,기능사,7132,건설재료시험기능사
T,국가기술자격,4,기능사,7140,가구제작기능사
T,국가기술자격,4,기능사,7150,건축도장기능사
T,국가기술자격,4,기능사,7151,유리시공기능사
T,국가기술자격,4,기능사,7152,실내건축기능사
T,국가기술자격,4,기능사,7161,온수온돌기능사
T,국가기술자격,4,기능사,7170,거푸집기능사
T,국가기술자격,4,기능사,7180,도배기능사
T,국가기술자격,4,기능사,7210,타일기능사
T,국가기술자격,4,기능사,7301,염색기능사(침염)
T,국가기술자격,4,기능사,7302,염색기능사(날염)
T,국가기술자격,4,기능사,7330,시추기능사
T,국가기술자격,4,기능사,7380,광산보안기능사
T,국가기술자격,4,기능사,7450,금속도장기능사
T,국가기술자격,4,기능사,7460,귀금속가공기능사
T,국가기술자격,4,기능사,7471,방사선비파괴검사기능사
T,국가기술자격,4,기능사,7472,초음파비파괴검사기능사
T,국가기술자격,4,기능사,7473,자기비파괴검사기능사
T,국가기술자격,4,기능사,7474,침투비파괴검사기능사
T,국가기술자격,4,기능사,7480,목공예기능사
T,국가기술자격,4,기능사,7481,축산기능사
T,국가기술자격,4,기능사,7482,식육처리기능사
T,국가기술자격,4,기능사,7483,천공기운전기능사
T,국가기술자격,4,기능사,7524,인쇄기능사
T,국가기술자격,4,기능사,7591,식품가공기능사
T,국가기술자격,4,기능사,7612,잠수기능사
T,국가기술자격,4,기능사,7620,종자기능사
T,국가기술자격,4,기능사,7625,화훼장식기능사
T,국가기술자격,4,기능사,7630,임업종묘기능사
T,국가기술자격,4,기능사,7631,버섯종균기능사
T,국가기술자격,4,기능사,7632,산림기능사
T,국가기술자격,4,기능사,7644,임산가공기능사
T,국가기술자격,4,기능사,7650,지적기능사
T,국가기술자격,4,기능사,7660,도화기능사
T,국가기술자격,4,기능사,7670,항공사진기능사
T,국가기술자격,4,기능사,7671,광학기능사
T,국가기술자격,4,기능사,7680,지도제작기능사
T,국가기술자격,4,기능사,7700,수산양식기능사
T,국가기술자격,4,기능사,7723,한복기능사
T,국가기술자격,4,기능사,7761,에너지관리기능사
T,국가기술자격,4,기능사,7780,전기기능사
T,국가기술자격,4,기능사,7785,3D프린터운용기능사
T,국가기술자격,4,기능사,7795,사진기능사
T,국가기술자격,4,기능사,7796,컴퓨터그래픽스운용기능사
T,국가기술자격,4,기능사,7798,웹디자인기능사
T,국가기술자격,4,기능사,7834,타워크레인운전기능사
T,국가기술자격,4,기능사,7835,컨테이너크레인운전기능사
T,국가기술자격,4,기능사,7861,기중기운전기능사
T,국가기술자격,4,기능사,7862,굴삭기운전기능사
T,국가기술자격,4,기능사,7863,불도저운전기능사
T,국가기술자격,4,기능사,7864,천장크레인운전기능사
T,국가기술자격,4,기능사,7866,로더운전기능사
T,국가기술자격,4,기능사,7871,롤러운전기능사
T,국가기술자격,4,기능사,7875,지게차운전기능사
T,국가기술자격,4,기능사,7888,광고도장기능사
T,국가기술자격,4,기능사,7889,보석가공기능사
T,국가기술자격,4,기능사,7890,도자공예기능사
T,국가기술자격,4,기능사,7892,제과기능사
T,국가기술자격,4,기능사,7893,제빵기능사
T,국가기술자격,4,기능사,7900,조경기능사
T,국가기술자격,4,기능사,7901,원예기능사
T,국가기술자격,4,기능사,7904,신발류제조기능사
T,국가기술자격,4,기능사,7908,이용사
T,국가기술자격,4,기능사,7910,한식조리기능사
T,국가기술자격,4,기능사,7911,양식조리기능사
T,국가기술자격,4,기능사,7912,일식조리기능사
T,국가기술자격,4,기능사,7913,중식조리기능사
T,국가기술자격,4,기능사,7914,복어조리기능사
T,국가기술자격,4,기능사,7916,조주기능사
T,국가기술자격,4,기능사,7917,피아노조율기능사
T,국가기술자격,4,기능사,7918,환경기능사
T,국가기술자격,4,기능사,7920,영사기능사
T,국가기술자격,4,기능사,7930,양화장치운전기능사
T,국가기술자격,4,기능사,7931,양복기능사
T,국가기술자격,4,기능사,7932,양장기능사
T,국가기술자격,4,기능사,7937,미용사(일반)
T,국가기술자격,4,기능사,7940,승강기기능사
T,국가기술자격,4,기능사,7947,미용사(피부)
T,국가기술자격,4,기능사,7957,미용사(네일)
T,국가기술자격,4,기능사,7960,세탁기능사
T,국가기술자격,4,기능사,7967,미용사(메이크업)
T,국가기술자격,4,기능사,7970,화약취급기능사
T,국가기술자격,4,기능사,7980,보석감정사
T,국가기술자격,4,기능사,7992,떡제조기능사
T,국가기술자격,3,기사,9105,국제의료관광코디네이터
T,국가기술자격,3,기사,9510,직업상담사1급
T,국가기술자격,3,기사,9511,직업상담사2급
T,국가기술자격,3,기사,9520,사회조사분석사1급
T,국가기술자격,3,기사,9521,사회조사분석사2급
T,국가기술자격,15,대한상공회의소 시행종목,9530,전자상거래관리사1급
T,국가기술자격,3,기사,9535,컨벤션기획사1급
T,국가기술자격,3,기사,9536,컨벤션기획사2급
T,국가기술자격,3,기사,9537,소비자전문상담사1급
T,국가기술자격,3,기사,9538,소비자전문상담사2급
T,국가기술자격,3,기사,9539,임상심리사1급
T,국가기술자격,3,기사,9540,임상심리사2급
T,국가기술자격,3,기사,9541,텔레마케팅관리사
T,국가기술자격,3,기사,9545,멀티미디어콘텐츠제작전문가
T,국가기술자격,3,기사,9546,스포츠경영관리사
T,국가기술자격,15,대한상공회의소 시행종목,9611,컴퓨터활용능력1급
T,국가기술자격,15,대한상공회의소 시행종목,9612,컴퓨터활용능력2급
T,국가기술자격,15,대한상공회의소 시행종목,9621,전산회계운용사1급
T,국가기술자격,15,대한상공회의소 시행종목,9622,전산회계운용사2급
T,국가기술자격,15,대한상공회의소 시행종목,9623,전산회계운용사3급
T,국가기술자격,15,대한상공회의소 시행종목,9937,비서1급
T,국가기술자격,15,대한상공회의소 시행종목,9938,비서2급
T,국가기술자격,15,대한상공회의소 시행종목,9939,비서3급
T,국가기술자격,15,대한상공회의소 시행종목,9940,전자상거래운용사
T,국가기술자격,15,대한상공회의소 시행종목,9961,워드프로세서
T,국가기술자격,15,대한상공회의소 시행종목,9971,한글속기1급
T,국가기술자격,15,대한상공회의소 시행종목,9972,한글속기2급
T,국가기술자격,15,대한상공회의소 시행종목,9973,한글속기3급
